Complexity,LOC,Lang_Type,Maint_Type,Skill,Age,Interdependence,Team_Size,Exp,Def_Density,Def_Severity,Churn,Change_Req,Test_Cov,Doc_Quality,Cost
52,31355,Low-level,Perfective,3,11,2,2,Senior,8.874245354,2,66.14662053,54,52.82266077,Average,13637.03103
93,712131,High-level,Adaptive,9,10,3,20,Mid-level,8.939335107,1,90.32736222,56,66.1878388,Poor,22906.31193
15,452015,High-level,Corrective,9,4,2,10,Mid-level,3.358163646,3,9.854685141,16,20.74694381,Poor,17167.92035
72,407332,High-level,Adaptive,4,17,2,2,Junior,6.15069754,3,23.20785779,38,90.58501921,Poor,22041.89885
61,157542,High-level,Perfective,4,18,3,2,Mid-level,9.269075621,3,70.89000063,89,83.8549207,Good,18078.64836
21,174416,High-level,Corrective,8,5,2,17,Junior,9.620584989,2,82.37444619,67,47.10837295,Good,12626.167
83,306062,High-level,Adaptive,2,17,2,16,Mid-level,5.089590404,2,85.70290283,54,41.11489323,Average,18677.56462
87,839656,High-level,Corrective,9,5,1,16,Mid-level,4.528248053,3,41.51071769,44,23.65679252,Good,25136.93047
75,564586,Scripting,Corrective,6,3,2,14,Senior,2.786943159,1,8.933990229,75,72.99932246,Poor,19910.09104
75,502708,High-level,Adaptive,9,11,3,7,Senior,9.588718732,2,43.77814773,0,13.17437996,Good,19050.17881
88,867651,Low-level,Corrective,8,18,3,11,Mid-level,1.428143045,2,23.07345902,20,68.02377538,Average,26760.96385
100,62629,Low-level,Adaptive,7,1,3,1,Senior,5.79829576,1,29.1196455,82,84.24569861,Average,11835.55082
24,329184,High-level,Perfective,1,16,3,11,Senior,2.825502675,2,77.22675568,20,22.84715759,Good,18063.89247
3,493734,Low-level,Corrective,3,10,2,4,Senior,2.790082903,3,7.552708603,51,86.64274029,Good,20930.02443
22,756195,High-level,Adaptive,2,10,2,7,Junior,4.049685874,3,82.75812175,81,3.332319944,Good,29404.336
53,291160,Scripting,Corrective,5,20,1,15,Mid-level,9.987929358,1,42.76690858,42,91.27873854,Poor,16403.04009
2,549248,High-level,Preventive,5,15,2,18,Senior,0.549663068,1,59.60639311,51,11.83622279,Good,19414.59604
88,821023,High-level,Adaptive,5,1,2,12,Mid-level,5.785418182,1,8.965223124,66,64.57591779,Good,25828.06876
30,214920,High-level,Perfective,4,1,3,17,Mid-level,0.82572158,3,33.73590784,43,25.00824689,Average,13624.56923
38,890765,Scripting,Adaptive,5,7,2,1,Mid-level,1.5452083,1,8.970091901,31,83.65523912,Poor,27983.1189
2,243804,Low-level,Corrective,3,12,2,11,Mid-level,4.395629418,3,96.15437229,9,51.23003609,Poor,15979.11444
64,377965,Low-level,Adaptive,1,9,2,1,Mid-level,5.104601313,1,80.72616493,63,13.52411912,Good,21503.14976
60,461857,High-level,Preventive,5,7,2,15,Junior,2.587924084,2,45.96327544,78,57.09915713,Average,20004.75721
21,823827,Low-level,Adaptive,9,3,3,10,Mid-level,3.164571309,2,22.36025483,68,40.78826102,Average,25106.91579
33,505492,High-level,Perfective,9,14,1,7,Senior,0.869670203,3,93.34551052,67,66.14478166,Poor,20207.08676
76,654983,Scripting,Perfective,4,0,2,2,Senior,3.032197838,1,34.45965957,27,88.19032848,Poor,22828.2748
58,416916,High-level,Corrective,3,10,3,10,Junior,9.665584394,2,16.09844317,52,40.93891312,Average,21155.98152
22,822052,High-level,Corrective,1,6,2,4,Senior,9.447073817,1,56.31643885,50,28.98806795,Average,28797.4489
89,759574,High-level,Adaptive,2,16,1,12,Mid-level,3.348782901,3,94.37741203,52,1.451509453,Good,28623.73026
49,129148,High-level,Adaptive,8,19,2,19,Mid-level,5.708539363,3,0.38302905,3,57.48390379,Average,10845.89004
91,807991,Low-level,Perfective,1,17,3,11,Senior,9.095953911,1,23.81248433,78,40.22747674,Good,29546.20305
59,487261,High-level,Preventive,8,11,1,8,Senior,0.061838226,3,93.84476404,16,37.4649219,Poor,18985.97842
42,356540,Low-level,Corrective,7,8,3,18,Senior,8.106835703,2,17.10859669,66,18.29353213,Poor,16464.09123
92,193714,High-level,Corrective,8,4,3,11,Mid-level,9.483695528,1,11.32434516,73,43.00553452,Average,13744.21593
60,732899,Low-level,Perfective,6,9,2,11,Senior,0.913257343,2,57.01872158,46,98.44419536,Average,23499.95739
80,284876,High-level,Corrective,9,3,3,13,Junior,1.61447686,1,86.18438233,55,29.77541537,Poor,14667.13544
15,260747,High-level,Perfective,3,4,3,3,Senior,9.607463028,3,47.71098177,22,59.97044134,Good,16514.5368
62,616650,Low-level,Adaptive,10,9,3,12,Senior,5.375401436,3,99.45642567,17,77.64868813,Average,20236.33539
62,424570,High-level,Adaptive,4,10,3,3,Mid-level,0.141966345,1,67.91716995,0,74.91578232,Poor,18916.02466
47,276987,High-level,Corrective,6,20,1,10,Mid-level,2.576319988,2,7.407490721,34,32.87742875,Poor,16375.63516
62,639353,Scripting,Adaptive,8,9,1,17,Senior,4.499436743,3,99.28321317,63,61.08600835,Poor,21917.55966
51,859158,Scripting,Adaptive,5,7,2,2,Junior,6.92908911,3,40.78942368,57,87.12646853,Good,29643.75134
55,18640,High-level,Adaptive,3,1,1,17,Junior,7.331603781,2,28.74025338,94,1.544742773,Poor,12434.21422
64,53528,High-level,Corrective,6,7,2,16,Senior,9.954215129,3,55.78791836,58,43.57343568,Average,11249.18675
3,825845,Low-level,Perfective,4,15,3,2,Mid-level,2.875111994,2,30.43075918,0,22.42734182,Average,27862.29158
51,260214,High-level,Perfective,9,4,3,20,Senior,5.382201019,2,8.645750712,2,38.86322904,Poor,11007.09657
7,840070,High-level,Corrective,3,2,2,6,Mid-level,5.333235479,3,0.142834308,66,41.5989608,Poor,28839.44811
21,971240,High-level,Corrective,4,11,3,10,Junior,4.056452594,2,44.95833529,36,74.66709648,Poor,30668.56597
73,502108,Low-level,Corrective,7,12,3,10,Senior,1.691618938,2,83.68634222,82,9.38218724,Average,21215.93173
39,635421,Low-level,Adaptive,7,12,2,8,Mid-level,9.774565632,2,57.23151856,28,51.25839031,Poor,23349.45025
18,369501,High-level,Adaptive,4,9,1,1,Junior,8.533171867,3,99.92072989,88,56.41947918,Poor,22158.74604
4,725226,High-level,Adaptive,6,3,2,13,Senior,4.983330283,3,28.68466456,32,49.41576036,Good,22542.11875
89,151159,High-level,Corrective,3,8,3,9,Mid-level,6.032454227,2,28.04550648,99,73.18732531,Poor,16399.7797
60,173502,Low-level,Corrective,6,1,2,10,Mid-level,2.272610536,2,15.97494602,60,38.37912559,Good,12793.38453
14,156576,High-level,Adaptive,2,18,2,15,Mid-level,5.437870704,2,16.40635883,92,94.49670636,Good,15102.3718
9,925618,High-level,Adaptive,8,0,1,5,Senior,6.949701331,2,28.5186596,89,48.18034425,Average,27933.11999
90,866291,Low-level,Preventive,2,6,3,16,Senior,5.151670284,1,79.28400453,3,57.12139096,Average,26541.19314
53,887089,High-level,Corrective,7,16,3,13,Senior,9.902851706,3,90.57567906,13,82.55308233,Poor,27814.41274
2,929479,Low-level,Adaptive,9,2,3,20,Junior,6.113416562,2,97.50871697,90,27.52361059,Good,27033.22914
84,12023,High-level,Adaptive,1,19,3,18,Senior,3.709737126,2,23.22896541,32,7.520202876,Average,12092.37651
92,546735,High-level,Adaptive,8,19,3,11,Mid-level,7.721520276,1,88.12975456,21,70.77839784,Average,20934.71682
60,389043,High-level,Perfective,7,20,3,9,Mid-level,1.704625116,1,32.82550893,47,48.30118555,Poor,18507.4382
71,287103,Low-level,Adaptive,6,2,3,16,Mid-level,3.845158137,3,11.28405445,2,89.6504251,Good,13196.49184
44,67203,Scripting,Preventive,6,2,3,2,Senior,3.469589504,2,87.00249255,86,98.26800487,Poor,12483.35136
8,906588,Scripting,Corrective,6,16,2,2,Senior,4.318070951,1,63.61056346,84,39.91093506,Average,29912.51056
47,161775,High-level,Corrective,9,6,1,12,Junior,7.817798259,2,16.47308961,22,41.54390163,Average,11604.20626
35,10337,Low-level,Perfective,2,13,2,8,Mid-level,4.841730322,2,42.98312575,67,40.79626022,Poor,13422.86606
78,571715,High-level,Adaptive,1,16,2,9,Senior,7.940144503,1,28.72576949,20,32.45541097,Average,23527.38919
81,515723,High-level,Corrective,6,17,2,12,Junior,5.764889031,2,73.67945687,100,78.16870978,Good,22887.65909
36,324673,Scripting,Corrective,10,12,2,9,Senior,3.420694347,2,45.34162306,42,75.89957625,Good,14163.24179
50,365167,High-level,Corrective,8,19,3,10,Mid-level,8.099787437,2,98.92799451,94,47.86448706,Good,19429.31385
4,347809,High-level,Perfective,3,19,3,2,Mid-level,2.382896706,2,5.474498226,84,4.466121638,Average,21217.18095
2,631075,High-level,Corrective,10,20,3,16,Mid-level,2.243829798,2,35.50152661,25,30.95593015,Average,20458.83131
6,688281,High-level,Corrective,1,17,2,20,Mid-level,5.045029241,3,48.19001671,40,29.23030466,Poor,25678.76996
54,296451,High-level,Corrective,9,3,1,7,Senior,2.60849246,2,50.31335547,98,81.10872462,Average,14970.34878
4,421571,Low-level,Corrective,1,0,1,2,Mid-level,0.09087035,1,31.59358224,37,8.757557342,Poor,19725.89937
54,128016,High-level,Corrective,3,17,2,1,Senior,6.482975273,1,72.92402491,87,80.5675379,Average,16182.56227
93,792267,Scripting,Adaptive,8,0,1,19,Mid-level,5.110938215,2,87.47470735,10,66.91836522,Average,22454.62371
63,545447,Scripting,Corrective,3,12,1,4,Junior,4.455178145,3,93.8719302,28,73.24414591,Average,24021.37601
18,498562,High-level,Perfective,4,19,3,2,Junior,9.669685146,1,80.50933768,59,43.22131876,Average,24063.54202
90,703965,High-level,Corrective,8,19,3,14,Mid-level,5.71199184,3,85.05801973,66,67.9725796,Good,25296.06349
44,384934,High-level,Adaptive,1,9,2,2,Senior,8.634315778,1,55.05453006,64,60.90289447,Average,20818.35528
34,893048,Low-level,Perfective,6,10,1,15,Mid-level,1.394502362,2,82.58882264,60,76.89801952,Good,26784.37415
74,956592,High-level,Adaptive,1,8,2,12,Mid-level,5.692064631,3,30.35039091,18,44.67698345,Good,30796.02858
62,866184,Low-level,Adaptive,1,8,1,5,Mid-level,8.679796267,2,39.84787621,45,47.28256249,Average,30513.07338
100,318428,High-level,Corrective,8,4,3,20,Mid-level,5.831057573,2,31.69130138,48,64.35762227,Average,14366.54604
14,320187,Low-level,Corrective,4,0,2,7,Mid-level,7.180141781,1,46.73873354,21,10.80774937,Poor,16362.37035
95,691907,High-level,Adaptive,1,16,2,10,Senior,3.720435678,3,28.55796162,77,43.62444484,Good,27591.72893
48,884439,High-level,Preventive,10,1,2,14,Mid-level,0.92449517,1,96.16114423,56,97.19508453,Average,24020.08439
15,83844,Scripting,Adaptive,7,12,1,14,Mid-level,4.579002951,3,31.2844628,13,3.755232006,Good,10478.65029
72,552820,Low-level,Adaptive,5,8,2,5,Junior,3.944793908,1,9.804453811,43,31.60047229,Average,22378.89694
78,166421,High-level,Perfective,5,3,3,18,Senior,8.670601824,3,52.68171661,15,31.41098191,Good,12149.77895
87,123402,Scripting,Adaptive,1,4,2,14,Mid-level,2.439953024,2,5.709907845,96,63.34641192,Good,14377.12072
62,119012,High-level,Corrective,10,10,1,2,Junior,9.667342275,3,11.05431663,76,10.58003594,Average,14716.44545
40,439661,Scripting,Adaptive,6,18,2,12,Mid-level,9.581381198,2,21.93893892,11,62.85440309,Poor,19107.50878
85,399929,Low-level,Preventive,9,20,2,6,Mid-level,2.476316431,3,46.43502499,54,9.504024065,Average,19933.34653
80,581466,High-level,Corrective,9,2,3,4,Mid-level,3.480519555,1,43.32509323,50,9.495364742,Average,21149.04377
82,574695,High-level,Adaptive,8,11,2,13,Mid-level,8.955557409,1,79.9691862,38,72.81833572,Poor,20881.11831
53,464556,High-level,Corrective,5,18,2,4,Senior,9.666222209,2,73.94746539,32,32.41351738,Good,21433.34437
24,576278,Low-level,Adaptive,1,18,2,14,Junior,4.434391028,1,42.6318294,32,97.74229477,Average,22894.7353
26,994176,Low-level,Corrective,9,12,2,16,Senior,3.209970456,1,33.37042076,28,3.735293644,Good,26594.01621
89,130473,High-level,Adaptive,1,6,2,4,Mid-level,5.260940133,3,31.64687841,68,44.51066637,Good,16638.68174
60,984049,High-level,Perfective,8,14,2,1,Mid-level,6.877692064,3,77.39950873,69,11.31359377,Average,32867.61081
41,479007,Scripting,Corrective,5,6,2,13,Mid-level,2.734745154,2,5.207240622,30,35.13789668,Good,18438.27175
29,845573,Scripting,Adaptive,3,7,3,4,Mid-level,7.364731746,3,1.282164951,79,99.82224506,Average,29821.12155
15,418009,Low-level,Perfective,7,4,2,20,Senior,0.516573571,2,79.55443919,30,88.88425117,Good,14020.76704
45,319714,High-level,Preventive,7,20,3,18,Mid-level,0.492944928,1,47.7146376,88,4.832440886,Average,16783.82327
65,227156,High-level,Corrective,9,13,2,6,Mid-level,3.862877051,3,13.08811386,45,56.32558438,Average,14856.59243
89,169964,High-level,Corrective,7,3,3,3,Mid-level,3.534731921,2,23.55659346,96,64.78223048,Average,15062.71385
71,526303,Scripting,Corrective,3,9,3,13,Senior,3.156332154,3,93.25039531,76,20.9534624,Average,22958.41057
9,62813,High-level,Preventive,1,19,2,16,Mid-level,4.910197627,1,85.95029756,51,14.51055734,Average,13346.92568
88,28712,Low-level,Preventive,8,14,3,5,Senior,3.207335823,2,70.97850502,9,90.43811347,Average,9900.484973
1,625785,High-level,Adaptive,3,17,1,4,Mid-level,1.922579185,1,48.22252303,87,96.88164415,Average,24765.25409
8,926919,Low-level,Perfective,8,19,3,8,Junior,3.094695491,1,52.03236262,73,99.18928573,Good,28771.1185
88,768214,Low-level,Adaptive,8,12,2,19,Mid-level,9.749042728,1,97.52445353,40,78.97617737,Average,23917.04477
63,113816,Scripting,Adaptive,5,7,1,14,Mid-level,4.11113417,3,96.57704439,94,66.35020694,Average,13786.81657
11,129778,High-level,Corrective,1,8,2,7,Mid-level,4.447127769,3,21.52690458,76,34.57302522,Average,16012.17705
81,587580,High-level,Perfective,10,15,3,14,Junior,5.7654499,3,81.11045663,2,17.13983123,Good,21072.29896
8,286977,High-level,Corrective,7,18,1,6,Senior,9.833407684,2,19.72426662,58,7.898059937,Good,16822.5215
35,136230,Scripting,Perfective,10,15,2,12,Senior,2.416012764,2,21.35374779,51,69.32974686,Average,10554.67255
35,719040,Scripting,Perfective,5,6,3,16,Senior,6.812821105,1,67.60930342,33,78.47234152,Poor,22740.40521
33,807741,Low-level,Perfective,8,13,3,17,Junior,7.159846935,1,40.50010986,48,82.64536525,Average,24826.85159
5,270114,Low-level,Corrective,9,13,2,13,Junior,6.073244168,2,93.15444071,27,91.37650033,Average,13886.61162
41,335618,Low-level,Corrective,7,3,1,14,Junior,0.885783396,3,8.90097349,82,87.99295636,Good,15775.51364
28,833972,High-level,Corrective,7,14,1,7,Senior,6.768722758,2,51.15256408,86,99.97412723,Average,27292.33382
7,152456,Scripting,Corrective,1,2,2,14,Senior,0.64094711,1,91.85215304,95,24.4064011,Good,13573.41147
73,805449,High-level,Corrective,4,4,2,15,Mid-level,5.961426495,1,90.41136605,12,76.33076152,Average,24823.87186
72,863312,High-level,Preventive,2,0,3,12,Junior,7.395811772,1,15.65292134,96,58.64595124,Good,29267.62627
12,106570,Low-level,Adaptive,2,2,1,17,Mid-level,2.109698906,2,36.66377001,97,26.12451325,Poor,13109.44361
34,271846,High-level,Corrective,2,14,2,9,Mid-level,8.416220075,3,61.91214,96,98.19053223,Good,19196.19739
33,918888,High-level,Corrective,4,7,1,15,Mid-level,0.303538055,2,15.93948848,68,89.78981048,Good,27419.91314
48,1404,Low-level,Adaptive,1,3,1,12,Mid-level,8.438128637,3,96.8022172,66,12.85156684,Good,12907.38828
23,959447,High-level,Adaptive,4,1,2,2,Senior,4.603290506,2,91.47493287,60,2.615834232,Poor,31110.48537
62,704286,Low-level,Adaptive,2,9,2,5,Junior,2.175879399,2,16.6950179,59,68.83307623,Poor,27243.45227
88,947693,High-level,Preventive,5,3,2,13,Junior,1.33778145,1,12.11554613,70,60.41306289,Average,28874.08525
37,275907,High-level,Adaptive,3,2,3,20,Senior,9.533071676,3,8.540848281,23,93.58156241,Poor,14273.33578
99,674744,High-level,Preventive,8,1,2,8,Mid-level,0.726655876,3,90.9443664,62,23.40052872,Poor,24128.26213
44,716460,High-level,Perfective,4,16,3,14,Junior,1.990934199,1,19.36238098,85,8.438794789,Poor,26755.71738
86,885574,Low-level,Corrective,1,20,3,15,Junior,3.478223474,2,41.62849285,60,25.92153338,Average,31718.22948
91,666220,High-level,Preventive,1,19,2,11,Junior,6.20234849,2,44.88513657,22,1.892764051,Average,27310.13289
35,236365,Low-level,Corrective,10,12,3,1,Mid-level,5.448010853,2,59.90110442,29,3.589275119,Poor,15410.71386
65,343786,High-level,Perfective,3,4,2,3,Senior,1.256434924,3,7.173534375,59,91.48578059,Poor,18597.37336
99,51612,Low-level,Corrective,9,20,1,17,Mid-level,2.897279837,2,22.67586174,17,35.20165825,Average,9548.33071
47,811006,Scripting,Perfective,7,8,3,19,Mid-level,2.387517711,2,93.14903869,95,41.0809001,Average,26008.80796
78,810956,Low-level,Perfective,2,5,1,14,Mid-level,2.135428545,1,90.84101073,55,1.837165454,Poor,27573.49625
3,201244,High-level,Perfective,9,4,2,8,Mid-level,4.111443365,1,78.12906474,52,27.05217802,Average,12336.14788
1,798348,High-level,Perfective,10,9,3,13,Senior,7.040314526,1,1.940124562,6,80.47259837,Good,21235.96609
5,5809,High-level,Corrective,2,7,1,20,Senior,2.174529322,1,32.70067685,96,61.54909597,Good,9181.645357
90,164273,Low-level,Corrective,3,6,1,3,Junior,3.666788797,3,62.79587353,68,75.37806011,Good,16712.33765
14,709690,High-level,Adaptive,10,6,3,5,Senior,3.909174268,3,27.51902118,91,44.72137408,Good,23790.09879
27,145528,High-level,Corrective,2,5,2,9,Mid-level,9.764565294,1,90.95866951,71,30.97292218,Average,15277.08066
9,507964,Low-level,Adaptive,3,20,1,6,Senior,9.546663569,3,63.38894618,78,48.28100933,Average,24088.08099
79,450613,High-level,Corrective,6,19,2,2,Mid-level,8.001375828,1,7.190671732,51,32.30710684,Average,21640.27987
15,908720,Low-level,Preventive,9,2,2,13,Senior,2.416589208,2,90.90055888,3,83.89710967,Average,23756.59062
90,39765,High-level,Adaptive,9,18,2,5,Senior,0.680373141,1,95.77666582,33,29.76737156,Average,10569.54693
42,953320,High-level,Perfective,7,14,3,8,Mid-level,3.169041377,2,7.771241839,68,65.97636405,Average,29782.39671
77,832538,Low-level,Corrective,3,3,2,1,Mid-level,2.667945494,1,53.23602349,32,13.69822223,Average,28416.75244
51,317076,High-level,Perfective,4,11,2,20,Senior,5.059258001,2,30.33642822,68,68.68664937,Poor,16122.26145
63,935604,Low-level,Preventive,6,5,3,12,Senior,7.777279101,2,39.28390765,37,91.32997116,Good,27377.92774
96,844523,High-level,Adaptive,5,18,3,11,Junior,8.583229389,3,17.9651218,97,60.85831546,Poor,31515.02539
52,547237,High-level,Adaptive,2,3,1,7,Senior,8.448640854,1,57.8072102,25,55.985538,Poor,21563.78476
96,202152,Scripting,Perfective,6,14,1,15,Mid-level,3.596755612,1,95.79793532,0,96.1118268,Poor,12580.58697
4,300888,Low-level,Corrective,3,8,1,11,Junior,6.872343435,1,50.30726003,3,62.73965553,Average,15594.13409
94,701903,Low-level,Adaptive,8,4,2,16,Mid-level,3.128341975,2,8.291458139,38,25.95504333,Poor,22422.80105
23,895751,High-level,Corrective,2,12,2,3,Mid-level,0.609055432,1,62.00013335,53,29.23910238,Good,30098.53519
15,93193,Low-level,Corrective,1,17,2,20,Senior,7.015652656,3,34.02229945,89,70.53066425,Average,14055.23012
43,37187,High-level,Corrective,9,4,3,14,Mid-level,0.098275526,2,85.59251896,32,73.54365939,Average,7876.093553
29,506950,High-level,Corrective,3,15,3,3,Senior,4.091825875,2,43.46781483,32,30.34962318,Average,22402.02543
36,139311,Scripting,Corrective,1,18,1,1,Junior,3.293792693,2,19.28396089,71,34.53439779,Average,17951.6751
13,911886,High-level,Corrective,7,13,2,15,Mid-level,6.933775385,1,19.11056227,19,99.10565087,Good,25490.59384
32,801921,Scripting,Preventive,10,15,2,1,Mid-level,7.662454728,1,76.87641807,15,10.19525496,Average,25982.09501
71,509153,High-level,Adaptive,5,14,2,17,Mid-level,3.04094636,2,26.55875983,20,40.46450284,Good,19375.30341
59,190089,High-level,Preventive,5,3,2,2,Junior,8.116270144,2,76.72333942,44,6.24475312,Good,16224.57618
86,587165,Low-level,Adaptive,1,6,3,20,Junior,2.939167605,1,20.58873108,89,82.1078362,Good,22854.08205
28,437341,Scripting,Corrective,9,15,2,6,Mid-level,4.4632636,1,32.16863687,86,9.234583895,Average,19541.64371
66,313066,Low-level,Adaptive,7,20,2,8,Mid-level,7.27018527,3,46.54869724,81,67.40073565,Poor,19332.07466
42,619362,Scripting,Adaptive,8,20,3,16,Mid-level,6.929202292,1,94.31958497,61,5.6483424,Average,22840.27473
45,688409,Low-level,Corrective,9,7,2,19,Mid-level,9.873684723,3,93.17314248,30,67.28550378,Average,21848.55915
62,562419,Low-level,Adaptive,6,16,1,1,Senior,2.251610242,3,20.68718754,41,84.30369469,Good,22378.94001
57,961448,Scripting,Corrective,5,15,2,3,Senior,6.623179135,1,35.82190412,11,39.88215269,Good,29666.56591
6,641053,High-level,Adaptive,6,9,1,3,Mid-level,6.096819083,1,14.93993885,64,52.21264934,Good,23143.31511
28,861395,High-level,Adaptive,2,9,3,5,Mid-level,9.150984545,1,50.99850793,72,40.1541738,Good,30176.44926
28,632172,High-level,Corrective,4,1,1,12,Junior,1.563621416,2,46.05825507,2,30.04887586,Poor,21709.60466
44,126917,Scripting,Corrective,3,8,2,12,Senior,7.517981636,2,90.07601625,89,80.32634006,Poor,14502.25484
84,811717,Scripting,Perfective,7,16,2,20,Junior,5.682686163,3,93.00053778,8,27.20025737,Poor,26435.60873
30,300770,High-level,Adaptive,9,10,3,13,Mid-level,2.746658698,3,38.3567391,50,72.29434244,Good,14508.90614
62,699168,Low-level,Corrective,5,9,1,20,Mid-level,4.744349141,2,49.1737943,15,20.61970793,Good,22342.46681
75,482680,Scripting,Preventive,6,16,1,9,Mid-level,3.337765971,1,89.62362491,87,24.98537961,Average,21660.64093
92,972375,High-level,Corrective,10,3,1,7,Junior,5.793134028,1,80.67078077,77,33.64611626,Good,29138.70614
89,282342,Low-level,Adaptive,2,15,1,4,Senior,8.890006108,3,0.365631134,2,58.91563774,Good,17938.51239
62,938262,Scripting,Preventive,3,19,1,19,Junior,5.693049844,1,32.00595642,97,45.44223192,Good,30885.15245
97,540542,High-level,Corrective,3,14,2,19,Mid-level,6.317224183,1,42.17742419,96,74.51448098,Good,22228.30473
1,45238,Low-level,Corrective,9,20,1,6,Junior,5.187478471,3,22.97162837,23,21.35673003,Average,11609.79869
27,2252,High-level,Corrective,7,4,1,13,Junior,0.511655064,2,19.95716159,72,1.067228785,Average,9605.319027
62,827196,Scripting,Corrective,8,5,3,11,Senior,2.328585569,3,3.77845066,12,77.65574718,Poor,24339.11334
77,865141,Scripting,Corrective,10,16,2,13,Junior,4.920017294,2,64.33697251,1,82.16493339,Average,25589.85726
3,955945,Scripting,Adaptive,9,0,2,13,Senior,3.102352837,1,26.25102905,70,5.948016311,Average,26080.91027
70,486450,High-level,Corrective,6,18,2,20,Mid-level,1.817635978,3,5.234717843,20,61.09075222,Poor,19026.02966
72,316826,Scripting,Adaptive,4,3,3,15,Junior,5.041328419,1,23.09793105,18,37.82067839,Good,15447.93571
27,322638,Scripting,Preventive,1,16,1,13,Senior,3.228097934,2,80.19139528,88,79.38956552,Average,18802.63111
9,606605,High-level,Perfective,8,8,3,11,Mid-level,2.581076432,2,85.14891816,46,87.44145542,Good,20381.53768
62,328359,Scripting,Adaptive,7,1,3,19,Senior,4.639854174,1,48.30662452,21,85.10037668,Poor,12766.69477
37,603875,High-level,Corrective,2,7,1,8,Junior,1.332842581,2,41.60706704,74,77.72042474,Average,24261.61535
97,7949,Low-level,Adaptive,8,14,3,20,Senior,9.277457331,1,97.78536935,32,26.90522287,Average,8776.600351
51,764185,High-level,Adaptive,5,6,1,8,Junior,8.677020979,2,20.05646596,31,81.18896436,Poor,26074.79478
44,318537,High-level,Adaptive,7,5,1,10,Mid-level,7.076205857,2,21.53592829,63,53.34784759,Average,16067.56175
24,729913,High-level,Corrective,4,0,3,16,Senior,1.062138276,3,29.1867177,84,5.275661483,Poor,24887.6508
79,663301,Low-level,Perfective,5,14,3,19,Senior,7.758772545,3,17.27573183,38,45.69388499,Poor,23711.33706
59,551222,High-level,Adaptive,8,6,2,11,Senior,8.079573281,1,37.93655982,83,94.2157917,Poor,20094.92221
32,941890,Low-level,Corrective,1,16,1,13,Senior,7.677646177,2,91.0834227,71,88.78593497,Poor,31468.12238
96,781722,High-level,Corrective,1,1,2,9,Senior,1.139658871,2,61.53478406,41,10.2264281,Good,26888.81553
88,456102,High-level,Adaptive,4,8,3,20,Junior,6.439079571,1,41.19465486,100,74.41266857,Poor,20557.79455
52,338889,Low-level,Perfective,3,8,2,19,Mid-level,8.343247957,3,93.44107946,8,80.5792866,Average,16593.51733
62,477467,Low-level,Perfective,10,12,2,16,Mid-level,5.773534012,3,4.846423248,24,27.13881882,Good,17499.53733
58,357600,High-level,Perfective,2,5,1,7,Mid-level,6.464073752,1,21.02761779,88,47.16085707,Average,19561.93689
52,316557,Low-level,Corrective,3,5,1,19,Mid-level,4.583634794,2,56.58886051,96,71.09879415,Good,16681.45984
12,975304,Scripting,Adaptive,1,19,3,12,Mid-level,5.287073199,1,61.55526232,1,43.90414888,Good,30498.52214
39,884671,Low-level,Adaptive,1,19,2,15,Junior,0.343768584,2,3.955750656,18,11.27969189,Good,29324.77869
2,305462,High-level,Corrective,6,20,3,14,Mid-level,6.38963022,1,40.30387579,19,70.58824447,Poor,15488.83996
3,251875,High-level,Corrective,5,2,2,11,Junior,0.814472129,3,64.91539648,92,91.16386897,Good,15511.88551
56,464389,Scripting,Perfective,8,16,3,10,Mid-level,4.350145943,3,69.80705464,69,65.24847284,Good,20354.34514
81,71390,High-level,Corrective,2,16,1,11,Mid-level,2.926550977,2,63.81399025,16,77.38007486,Average,12825.7243
59,708689,Scripting,Adaptive,4,11,2,6,Senior,5.454279502,2,32.05632244,88,35.83625357,Poor,27011.12703
2,254490,Low-level,Corrective,8,15,1,2,Senior,1.334163355,3,9.35201236,67,18.31982451,Average,15981.77815
2,568376,Scripting,Corrective,6,14,2,11,Mid-level,6.91643402,2,42.71124464,93,64.27736616,Good,22424.94596
92,248940,Low-level,Corrective,1,12,2,19,Junior,7.950115369,1,12.87544374,83,32.77712058,Average,17805.41755
54,366340,Scripting,Preventive,4,0,3,6,Mid-level,1.633544497,2,94.76236585,2,86.0073519,Good,16443.89276
87,434027,High-level,Perfective,1,16,2,14,Junior,1.043130874,3,47.5170866,86,12.262805,Poor,23619.81047
96,509041,Low-level,Preventive,2,2,1,20,Mid-level,1.455154828,2,31.72591744,50,43.34636997,Good,19611.50137
97,318623,High-level,Adaptive,5,14,1,6,Mid-level,8.771275619,2,76.63040711,81,39.67276005,Poor,20181.012
1,217464,High-level,Corrective,8,3,1,17,Junior,5.281892618,3,49.79485926,25,93.80538536,Poor,11823.3897
19,743729,Low-level,Adaptive,8,3,2,10,Mid-level,4.67260996,3,31.0034024,55,15.31348006,Average,24358.72321
2,511736,Scripting,Adaptive,3,17,3,1,Senior,1.067118191,3,81.19677424,99,0.984682501,Poor,25332.56887
53,807395,Scripting,Perfective,4,16,3,3,Senior,6.495560068,1,86.7152151,63,23.80852128,Poor,29397.94687
44,318267,Low-level,Corrective,10,18,1,8,Mid-level,8.679995919,2,67.30081663,7,82.02768598,Poor,15414.56682
90,651199,High-level,Adaptive,6,10,2,8,Junior,8.281858693,3,4.696442241,80,20.9321816,Average,26316.32626
32,889900,High-level,Corrective,10,19,2,20,Junior,6.26054709,3,56.63228802,94,24.08780637,Good,28136.33809
70,224777,Low-level,Corrective,3,2,2,15,Mid-level,0.752787167,2,76.3294912,36,12.98988045,Good,14272.56737
32,860909,High-level,Perfective,2,7,2,7,Senior,1.123970272,1,13.65030121,96,71.54362033,Average,28603.39233
68,801820,High-level,Adaptive,6,13,2,11,Junior,0.493089871,3,22.86707514,26,6.917419051,Poor,27310.87017
55,6569,High-level,Corrective,5,0,2,7,Senior,2.574792165,3,88.24951051,44,33.12083023,Average,10448.89847
75,595124,High-level,Corrective,10,13,1,4,Junior,1.356614672,1,2.012172185,3,28.24987266,Good,20240.7036
56,629861,High-level,Adaptive,5,1,3,12,Senior,2.600480403,2,75.27271378,85,55.51597298,Average,22663.47188
17,430802,High-level,Perfective,10,3,1,6,Mid-level,3.850580557,1,47.37732925,89,73.0416265,Poor,17252.56844
38,259090,High-level,Perfective,5,18,2,14,Senior,9.429827841,2,44.67721588,95,53.28764347,Poor,17370.29243
24,668375,High-level,Preventive,10,5,2,12,Mid-level,6.103760598,1,0.709653249,87,93.1025993,Good,20765.39833
69,46002,Scripting,Perfective,5,0,2,11,Mid-level,8.349737857,2,81.9398231,98,95.14426389,Average,12053.27026
98,772954,High-level,Corrective,3,16,3,19,Junior,7.103515007,2,35.98249006,36,36.14653285,Good,27167.87862
70,662614,High-level,Adaptive,7,7,3,5,Junior,1.125031305,2,54.07656313,95,77.76803763,Average,25082.48557
86,935648,Low-level,Adaptive,6,18,3,14,Senior,7.359204064,2,67.73006863,70,73.88013833,Poor,30208.72937
11,680574,High-level,Corrective,4,20,2,16,Senior,2.750988816,3,70.26295764,32,89.29645917,Average,23604.92908
16,499870,Scripting,Perfective,2,0,3,13,Senior,6.39107847,1,95.59800588,30,44.79436402,Average,19326.55424
97,212791,Low-level,Corrective,9,4,2,20,Mid-level,3.409619736,1,53.13399532,54,53.04731872,Poor,11551.97876
73,203846,High-level,Preventive,1,15,3,4,Senior,9.976722633,3,39.9719551,11,41.57743136,Poor,18113.67773
59,662450,High-level,Adaptive,4,5,2,11,Junior,2.635514795,1,95.37036265,10,85.03769193,Poor,22829.02637
70,667997,Scripting,Adaptive,1,7,3,17,Mid-level,2.791304708,3,64.2110235,87,22.97023154,Poor,26605.42327
80,678775,Scripting,Adaptive,6,12,3,7,Mid-level,9.306722556,3,29.81503563,71,23.97090782,Average,26740.53836
93,25071,High-level,Perfective,4,15,3,14,Mid-level,0.246444046,2,12.64642454,31,37.26051036,Good,10971.69142
3,583531,Low-level,Adaptive,5,2,1,11,Mid-level,6.966889879,3,84.25545015,56,23.03428321,Average,22238.24341
20,913259,High-level,Adaptive,5,18,1,9,Junior,7.253263907,1,36.21816028,37,56.10068364,Average,29385.59036
59,895647,Scripting,Corrective,9,11,3,13,Mid-level,8.363785774,2,66.04697214,59,13.44901065,Average,28060.06333
36,173312,High-level,Adaptive,1,15,1,18,Senior,9.744393106,2,47.08164194,85,32.01862194,Average,15940.9013
19,258218,Scripting,Corrective,2,10,3,11,Mid-level,9.756019192,2,19.89297798,97,91.34446985,Poor,18240.98211
90,215879,Low-level,Perfective,6,9,2,15,Junior,0.652767576,3,60.16866086,18,40.92254802,Average,14224.47458
67,364714,Low-level,Adaptive,5,19,2,19,Junior,8.218393228,1,6.068306895,83,74.82337165,Average,18543.22714
19,427650,Low-level,Adaptive,7,3,3,1,Mid-level,6.463099337,2,41.33424599,55,11.34621917,Poor,19957.51897
20,332868,High-level,Corrective,3,11,2,4,Mid-level,6.473421344,2,54.66149397,13,24.75645081,Good,18255.4451
96,902791,High-level,Corrective,3,1,2,14,Mid-level,1.283499266,2,43.60469741,32,80.73456212,Average,27504.84779
71,863129,High-level,Perfective,10,18,2,14,Mid-level,6.501871664,1,74.86721753,9,76.29929363,Average,25009.11032
52,554020,High-level,Corrective,2,4,2,3,Mid-level,9.824825806,2,82.79249545,79,38.61559186,Poor,25335.68914
33,646753,Low-level,Corrective,3,7,3,17,Mid-level,9.118185695,3,77.1243074,63,95.4396902,Average,24133.1032
40,929818,High-level,Corrective,10,6,1,3,Senior,4.391306608,1,3.881294781,63,91.06430158,Good,26219.25412
39,418170,High-level,Preventive,1,13,3,16,Mid-level,0.399479733,3,19.41287704,61,96.23007491,Poor,20203.11161
82,58108,Scripting,Perfective,5,2,3,14,Mid-level,3.6229349,2,53.66075093,67,42.79146902,Poor,11709.84255
1,481721,Scripting,Corrective,5,17,2,20,Senior,8.263903116,3,93.48220404,90,19.74735837,Average,21040.74775
11,112195,Scripting,Corrective,7,15,3,13,Junior,7.014991015,3,83.49567751,91,62.66586391,Poor,14621.21885
92,890513,Scripting,Corrective,4,18,2,15,Junior,4.593436556,1,84.25345084,42,68.47731583,Average,29276.09775
57,37668,High-level,Perfective,3,18,2,14,Senior,0.551015352,2,30.32081938,79,12.54417845,Average,12729.62385
89,286205,High-level,Adaptive,1,17,3,19,Mid-level,4.268947278,3,42.94478971,58,78.64830343,Poor,18619.23564
50,342396,Low-level,Corrective,8,19,1,6,Mid-level,4.690249397,2,47.07059473,51,1.806021976,Poor,18559.23769
23,565037,Low-level,Corrective,3,15,1,10,Junior,9.285555329,3,15.73715833,96,48.27283875,Average,25455.25294
31,131560,High-level,Corrective,2,7,2,15,Mid-level,6.410861036,2,3.106813024,18,33.10162595,Poor,12966.80391
94,367824,Scripting,Adaptive,4,0,2,20,Mid-level,3.116529167,1,94.69028995,20,74.03030599,Poor,15341.28131
42,148979,High-level,Perfective,3,16,2,6,Junior,5.253182645,2,24.07125857,21,31.27607274,Good,15357.49383
99,150849,High-level,Corrective,1,11,3,10,Mid-level,0.660553078,3,23.99489037,8,82.68071128,Average,14766.20265
7,749589,Low-level,Corrective,3,20,2,7,Mid-level,9.725682356,2,8.337905377,8,59.49534888,Average,26781.08427
16,52745,Low-level,Corrective,2,10,2,17,Mid-level,3.600599019,3,92.85077519,72,79.38933618,Poor,12795.32042
90,371608,Low-level,Preventive,8,4,1,18,Junior,4.778673549,3,57.97371149,26,98.93406378,Average,15460.55527
60,92865,High-level,Corrective,6,11,2,17,Junior,3.552839742,2,66.70368571,16,67.91583457,Average,10866.94406
2,899860,Scripting,Perfective,9,16,1,9,Mid-level,6.825117301,1,91.15768873,43,98.49503164,Good,26345.54986
1,213890,High-level,Adaptive,8,5,1,10,Junior,6.622321583,3,34.56201689,44,2.883632692,Good,13944.00592
48,24624,High-level,Corrective,10,0,2,10,Senior,7.153223105,2,62.15073111,7,33.81399885,Poor,7435.415978
12,24321,Scripting,Corrective,3,4,1,7,Junior,2.681432296,3,3.879945473,79,10.78532646,Average,13111.10969
69,404704,Scripting,Corrective,5,13,1,16,Mid-level,3.156684812,2,18.67725282,17,26.23049314,Average,17455.82981
37,810006,Scripting,Adaptive,7,4,1,18,Junior,1.252512311,2,83.12458051,32,83.88878991,Average,23672.10623
32,923744,Scripting,Perfective,5,0,3,6,Mid-level,6.555099718,3,76.67683563,0,3.232326533,Good,28651.45088
9,175293,Low-level,Adaptive,8,17,3,20,Senior,0.397971273,2,35.06426915,75,52.01829357,Average,11665.79554
99,928982,Low-level,Adaptive,5,15,2,1,Junior,5.976823355,2,37.68106278,5,56.71287075,Poor,31363.59894
19,784415,High-level,Corrective,1,8,3,1,Senior,8.696958849,2,53.35544336,40,56.11511467,Average,28703.62195
48,187717,High-level,Preventive,5,18,3,12,Mid-level,8.908321483,2,0.024100469,54,47.52970738,Poor,15749.99558
80,937766,High-level,Perfective,4,4,2,2,Senior,4.490377604,2,24.1244336,4,79.06029648,Good,28534.37696
3,381975,High-level,Corrective,6,1,1,4,Mid-level,4.593036882,3,20.82318086,58,13.35430895,Average,18349.3765
20,184868,Low-level,Preventive,3,14,3,17,Senior,0.76969183,2,25.04829467,79,31.05770156,Average,14413.99364
24,660792,High-level,Adaptive,5,6,3,4,Mid-level,6.707650254,2,80.59058425,17,61.57260534,Poor,24088.83189
54,96257,High-level,Adaptive,2,3,2,11,Mid-level,8.212594204,2,27.96738565,48,69.09513663,Good,12885.28498
33,589579,High-level,Perfective,6,0,3,4,Junior,2.446550546,1,19.15213221,81,40.41484318,Good,22332.84728
24,211176,Low-level,Perfective,6,12,2,1,Junior,4.213008816,1,50.42634608,64,87.53712633,Average,15861.58135
75,191471,High-level,Adaptive,5,19,3,7,Senior,8.388393368,3,86.56450364,82,41.54933967,Poor,18085.58846
72,915032,Scripting,Corrective,6,6,3,18,Mid-level,8.771204677,3,24.13497038,53,40.27761343,Average,28440.65919
36,473930,High-level,Corrective,7,14,2,9,Mid-level,2.431799803,2,7.853624279,60,3.620726149,Poor,20434.84084
38,837860,High-level,Preventive,5,13,3,3,Senior,5.505706345,2,35.64047358,7,55.11413362,Poor,27589.83167
84,744091,Low-level,Corrective,1,18,2,8,Mid-level,1.924931506,1,74.76518246,2,70.86808385,Poor,26929.45822
99,519862,Scripting,Corrective,8,19,2,19,Senior,1.018787641,2,55.06905447,24,11.44381635,Poor,19200.02587
89,918806,High-level,Adaptive,4,17,3,4,Senior,9.111205014,2,81.67933696,68,30.54327661,Average,32480.20442
99,476774,Low-level,Adaptive,9,9,1,18,Mid-level,8.205075042,2,95.95921476,54,78.12569538,Good,17944.52662
25,918559,Low-level,Adaptive,10,8,2,20,Senior,7.600349018,2,79.26624768,39,36.59194354,Average,25036.6267
93,636605,High-level,Preventive,6,7,1,11,Junior,0.487663188,1,60.38030788,82,24.1602462,Poor,23921.1654
18,140789,Scripting,Corrective,1,9,2,14,Mid-level,8.437287927,1,49.33415881,81,67.22006636,Average,14688.97892
82,390593,Low-level,Corrective,3,16,2,18,Mid-level,4.380440759,3,4.006908635,49,19.67587777,Average,19668.17984
66,816131,Low-level,Corrective,3,1,3,16,Mid-level,3.423951233,2,98.43219788,94,89.56529196,Poor,27521.52319
54,74686,Scripting,Perfective,10,5,1,3,Senior,5.46476361,2,38.34811226,32,10.5598396,Good,9966.338526
35,68661,Scripting,Adaptive,4,4,2,15,Senior,0.913532427,1,15.22282139,17,70.65498023,Average,8509.137547
80,569535,Low-level,Corrective,6,8,1,4,Mid-level,7.566465494,1,66.67088554,56,49.95487013,Good,22431.15228
61,246121,Scripting,Perfective,7,4,3,5,Mid-level,5.824350769,3,28.42882891,15,86.99295624,Average,14612.06966
41,673108,Low-level,Perfective,10,17,3,17,Senior,1.865900969,2,58.57782709,79,12.6195091,Average,22350.44414
100,368257,Low-level,Perfective,4,19,3,7,Mid-level,1.882321998,2,58.67679078,37,67.78949185,Poor,20093.86124
33,267765,Low-level,Preventive,6,8,3,16,Mid-level,1.842486516,1,44.57298209,40,57.20546392,Average,13520.35892
68,147106,Low-level,Corrective,1,16,3,14,Mid-level,0.570023876,3,83.61186155,6,48.00901422,Poor,15117.09155
33,259930,High-level,Perfective,8,16,1,16,Senior,5.877984494,1,26.49670616,77,49.14072634,Good,13632.47472
14,923630,Scripting,Adaptive,7,11,2,7,Mid-level,8.403481776,1,44.86325916,52,72.19769618,Good,28105.28751
21,661482,Scripting,Perfective,9,6,2,9,Senior,0.17498214,2,53.76921286,62,93.77416549,Good,20588.24262
48,805462,High-level,Perfective,3,2,3,4,Senior,0.49004645,1,66.36247208,88,9.125165912,Good,27728.80535
20,870270,Scripting,Perfective,2,9,3,11,Mid-level,5.727702767,1,78.39718505,31,1.950264761,Good,28525.65355
8,872149,High-level,Adaptive,1,1,1,2,Mid-level,8.194956854,2,39.48072829,37,80.57047925,Poor,29509.17453
7,449874,High-level,Corrective,3,2,3,12,Senior,3.267388906,2,64.60469441,21,10.81693876,Average,18334.07298
67,563926,Low-level,Adaptive,5,15,2,12,Mid-level,3.496143988,3,15.06109531,15,98.66967961,Average,21311.74308
17,854499,High-level,Preventive,2,1,2,4,Senior,5.963464975,2,93.26481005,51,61.9348249,Average,28528.3023
33,119033,Scripting,Preventive,3,9,1,18,Senior,2.742128891,1,38.30588064,28,65.08663953,Good,10175.5359
48,631265,Scripting,Corrective,4,5,1,7,Mid-level,0.266083661,1,72.9521422,15,19.88917029,Poor,22472.77737
76,614157,Low-level,Corrective,7,10,2,1,Senior,7.352285181,3,2.034108188,75,24.03123103,Poor,25073.22675
59,630474,High-level,Corrective,3,6,2,13,Senior,6.256499129,2,20.51871429,16,65.93503031,Good,21718.37318
86,822106,High-level,Perfective,9,14,1,6,Senior,5.807559991,3,48.70825443,100,90.97268379,Average,27816.69043
22,167926,Low-level,Perfective,8,5,2,6,Mid-level,7.41684129,1,87.82524677,63,98.23905545,Poor,12851.93981
30,571559,Scripting,Corrective,4,19,3,12,Junior,6.752308376,2,52.725515,90,19.80309466,Good,24972.00747
38,861120,Low-level,Adaptive,1,8,3,8,Mid-level,2.058819882,1,92.98704823,88,13.41196227,Good,30289.09761
51,432734,High-level,Perfective,1,19,3,19,Mid-level,3.524810469,2,48.37968966,12,5.640135776,Poor,20402.65814
54,374220,Low-level,Perfective,1,11,2,5,Mid-level,1.261101417,3,49.04490967,71,86.82970182,Good,20852.43767
8,666627,Low-level,Adaptive,1,18,2,18,Senior,1.298570134,3,11.97467885,55,29.47148469,Good,24482.55556
27,222897,Low-level,Adaptive,8,19,3,5,Mid-level,6.761957464,2,80.26562442,4,0.181203387,Good,15103.65183
27,2062,High-level,Adaptive,3,2,2,10,Mid-level,8.58600107,2,24.69654125,11,22.38180861,Good,9944.504727
98,248736,Low-level,Corrective,6,14,1,1,Junior,9.627325839,3,89.96124894,40,34.04410801,Average,19076.81775
21,575736,Low-level,Adaptive,3,1,1,10,Senior,6.283471175,2,91.08242203,2,99.09861695,Average,19967.49306
30,96462,Scripting,Adaptive,5,20,2,5,Mid-level,1.841013234,1,94.33101119,98,52.35415939,Poor,15161.45479
97,400445,High-level,Perfective,7,1,1,12,Mid-level,1.056503454,2,52.02304891,32,20.47139476,Poor,16889.95164
28,451009,Low-level,Adaptive,2,2,2,7,Mid-level,8.128509715,1,67.70937848,85,33.48183447,Average,21441.75952
64,771173,Scripting,Perfective,6,5,1,9,Senior,5.787564764,2,77.85158801,49,33.03076876,Average,25376.16673
97,573203,High-level,Corrective,6,14,1,12,Mid-level,6.18285021,2,13.10146187,55,1.972574646,Poor,23123.12658
69,267776,Scripting,Adaptive,3,9,2,1,Mid-level,7.814620888,2,60.0957195,8,13.51830542,Average,18092.27763
61,629880,Low-level,Corrective,6,8,2,11,Senior,7.032772277,2,3.42979013,81,69.51964597,Poor,23107.82972
48,659956,High-level,Corrective,10,0,2,15,Senior,8.344582529,1,49.75660834,49,12.02509866,Good,19717.11031
19,372923,High-level,Perfective,10,15,1,2,Senior,0.562139055,2,15.48426816,28,23.07342766,Poor,16401.36097
4,400384,Low-level,Preventive,5,5,1,20,Mid-level,7.475206367,3,18.2922926,38,35.07372984,Average,16685.9248
35,633387,High-level,Corrective,2,8,2,7,Mid-level,8.508527573,2,36.50475667,90,75.77349445,Average,25843.3816
64,532849,Low-level,Adaptive,9,3,2,12,Senior,2.861350425,2,43.24371667,99,58.24009649,Poor,19691.93266
49,468010,High-level,Perfective,8,1,2,18,Mid-level,6.40447274,3,62.31724245,44,68.8999985,Good,17013.2335
17,607440,Low-level,Corrective,3,3,2,3,Senior,3.141620638,3,7.442841844,16,56.70123254,Average,22503.16395
44,650324,High-level,Adaptive,8,0,3,7,Mid-level,9.579710665,1,50.36917612,55,68.35924252,Average,22097.70452
92,387193,Scripting,Perfective,9,18,2,11,Mid-level,0.334235724,1,18.26251303,97,0.284215366,Poor,18860.75398
30,27734,Scripting,Adaptive,3,9,2,18,Junior,5.797928438,3,57.3975175,45,93.08981444,Average,11265.56229
93,924875,Scripting,Corrective,3,20,2,12,Mid-level,1.66503547,3,63.74046123,66,11.09202309,Poor,32551.78562
46,27069,Low-level,Corrective,2,14,2,6,Junior,7.122202052,3,55.67092566,68,40.6249096,Average,15335.70574
6,736265,High-level,Perfective,8,18,2,5,Junior,1.758902834,3,73.82955105,13,77.10383702,Average,25084.29967
99,538198,Low-level,Adaptive,10,15,2,1,Senior,2.353832619,2,33.56092442,66,43.5230718,Good,21321.91717
37,336623,High-level,Corrective,1,20,3,12,Mid-level,4.94370811,2,76.51065916,22,94.68425517,Average,18882.54156
24,471951,High-level,Perfective,8,3,1,11,Mid-level,9.1483495,1,43.27670817,93,46.75889485,Poor,19067.64954
93,82264,High-level,Corrective,7,1,1,4,Senior,2.117143721,1,48.41844983,60,87.49394056,Poor,10804.14722
46,24275,High-level,Perfective,7,12,2,18,Mid-level,1.442400211,2,64.81021273,22,81.08281134,Average,8202.962971
53,597562,Low-level,Corrective,3,0,3,4,Junior,7.589768319,2,1.8358384,26,98.09863028,Poor,23368.40972
95,475665,Low-level,Preventive,1,16,1,17,Senior,5.006195323,2,65.39942214,53,92.65477808,Poor,21289.36886
99,363920,High-level,Corrective,4,12,3,2,Mid-level,9.117851124,3,61.85851491,9,89.81238347,Good,19866.35385
60,192076,High-level,Corrective,9,3,2,2,Senior,1.466145572,1,30.98471168,88,73.16043405,Poor,13211.45378
97,195053,Scripting,Corrective,5,6,3,12,Senior,6.45927893,2,8.57942849,76,36.69981473,Good,14642.88689
63,710913,High-level,Corrective,1,16,3,6,Senior,2.328791462,1,9.093544991,15,10.61254186,Poor,26445.48145
85,573735,High-level,Perfective,5,8,2,10,Mid-level,1.567604287,2,92.3223747,40,68.86450523,Good,21654.42725
32,953033,High-level,Preventive,8,3,1,16,Mid-level,6.834294152,3,68.92793212,97,97.86540813,Average,28255.07499
87,913826,Low-level,Corrective,8,18,1,14,Mid-level,5.936846199,2,12.71026138,54,72.66044373,Good,27877.15149
33,600991,Low-level,Adaptive,5,0,1,7,Junior,7.548274584,3,35.67231693,100,92.87293693,Poor,24254.27967
67,863522,High-level,Perfective,9,9,3,19,Senior,3.094625764,1,59.24829939,60,80.4304713,Good,23941.83936
18,804692,High-level,Perfective,1,3,1,17,Junior,4.479716564,2,83.55717051,85,16.31146751,Good,27901.48283
25,113581,Low-level,Adaptive,4,8,2,9,Mid-level,4.054716763,2,4.366092871,80,24.92037706,Average,13899.71837
95,266956,Low-level,Corrective,3,12,2,13,Senior,9.84089464,2,23.66331315,86,34.18656018,Average,18099.66043
54,422240,High-level,Adaptive,2,13,3,5,Mid-level,2.922489567,3,88.97489903,99,16.82604443,Good,23528.66301
58,715016,Scripting,Adaptive,8,9,1,5,Mid-level,2.948172383,2,0.916555018,48,58.16513327,Poor,24198.06868
67,903580,High-level,Corrective,7,5,1,10,Mid-level,3.545482088,3,20.13991028,72,97.54505241,Average,27921.39724
46,945789,High-level,Adaptive,9,15,1,10,Senior,5.645940813,1,95.9024176,51,76.14588334,Good,27283.42734
24,117421,Scripting,Corrective,2,5,3,7,Mid-level,2.523227443,3,61.34018465,1,42.33867491,Average,13399.05692
32,526893,High-level,Perfective,4,16,2,15,Senior,9.152899404,1,26.16713666,95,0.450448098,Poor,22624.48114
47,465374,Low-level,Corrective,6,9,1,7,Junior,2.656855649,3,6.69910944,49,31.32760111,Average,20638.3851
86,73303,High-level,Adaptive,3,17,1,15,Senior,8.958157316,2,2.819134045,85,52.67592877,Good,13534.21211
23,159211,High-level,Adaptive,8,17,1,3,Senior,1.034750636,2,24.47450796,42,32.42508739,Poor,13365.81673
66,995653,Scripting,Adaptive,3,2,1,19,Junior,6.565627024,2,88.14858196,76,11.1034923,Poor,31559.33069
27,188210,High-level,Corrective,2,19,3,10,Mid-level,9.069855184,3,41.59136543,7,44.27649569,Poor,16731.37739
2,787237,Scripting,Adaptive,3,20,3,15,Junior,1.687494384,1,72.03333692,58,25.3252817,Good,27290.40331
90,863557,High-level,Adaptive,6,14,2,3,Senior,9.683269601,2,91.82850354,64,90.92323765,Poor,29939.3771
17,145990,High-level,Adaptive,2,14,3,6,Mid-level,4.528833604,3,40.80404616,80,10.17545285,Average,17344.94906
33,159518,High-level,Adaptive,8,3,1,12,Mid-level,9.457151084,2,19.1277371,11,4.915262872,Average,11287.56117
9,125040,Low-level,Adaptive,1,8,3,15,Junior,6.768200436,1,51.71179309,3,0.531416915,Good,12995.86484
43,669406,High-level,Perfective,7,18,3,6,Mid-level,3.015868699,2,90.80836871,76,32.80696845,Good,25495.67903
48,524138,Scripting,Corrective,2,16,2,13,Junior,1.883025249,2,80.43744141,94,66.03868382,Poor,24192.86289
39,419034,High-level,Perfective,10,10,3,19,Mid-level,3.037350462,3,6.582984336,40,73.04137529,Average,15526.91622
93,757254,Scripting,Adaptive,6,8,1,3,Mid-level,0.930174093,3,69.25728001,6,45.32616834,Good,25611.12213
42,791756,High-level,Corrective,2,9,1,8,Senior,1.438679663,2,57.18975225,86,68.43286505,Poor,28000.60808
26,863755,Scripting,Corrective,2,17,1,8,Mid-level,1.046604403,3,90.74631763,87,35.99140362,Poor,31558.57799
99,796543,Low-level,Corrective,10,19,2,20,Mid-level,4.229435437,2,12.24814169,68,66.780622,Good,24437.23803
50,956614,Low-level,Perfective,8,12,3,15,Senior,7.955783763,1,53.40361132,68,4.05959853,Good,28354.28045
25,541677,Scripting,Perfective,2,7,3,4,Senior,1.413835542,1,87.94626935,80,39.07529846,Average,23073.90192
24,647465,Low-level,Perfective,7,6,2,19,Senior,1.303204332,2,41.00237867,29,79.08496776,Poor,19508.78265
13,304571,Low-level,Adaptive,3,16,3,3,Mid-level,6.434289495,1,48.19949177,72,80.30060305,Average,19052.84038
60,998083,High-level,Adaptive,8,20,3,13,Mid-level,1.97182982,3,7.046067767,5,71.61487789,Poor,29302.92454
7,685106,High-level,Corrective,7,14,1,8,Junior,0.976100381,3,27.81436404,88,20.42386206,Good,25354.56324
57,123883,Scripting,Corrective,8,19,2,16,Senior,1.668485782,1,32.45066492,18,24.72051189,Good,9979.556784
36,744246,Low-level,Adaptive,7,14,1,13,Junior,9.237313959,2,94.51224487,79,99.60887273,Good,25720.12389
45,763501,Low-level,Corrective,6,0,2,3,Mid-level,8.214712528,3,28.26673605,84,10.33780072,Poor,27929.44693
20,918621,High-level,Corrective,7,13,3,16,Mid-level,3.540645624,3,46.08687353,65,18.06626989,Average,28701.25623
65,388952,High-level,Adaptive,5,4,1,9,Mid-level,6.558207673,3,67.13044236,9,13.00262557,Poor,18515.48672
8,113221,High-level,Perfective,7,10,3,14,Mid-level,5.372756737,2,16.21833724,15,32.76549637,Average,10610.1324
16,800666,Low-level,Preventive,1,15,2,13,Junior,6.771242635,3,48.64423871,36,21.01758352,Good,29033.48962
14,261669,High-level,Preventive,1,1,2,7,Mid-level,6.826711525,2,73.85390395,78,49.76879595,Poor,18127.63271
76,760224,High-level,Adaptive,9,7,2,15,Mid-level,6.287340151,2,86.6855213,76,47.60207069,Average,24650.62091
87,840873,High-level,Adaptive,5,10,2,7,Senior,2.661013685,1,62.62592747,76,90.15056195,Average,27565.18539
15,526134,High-level,Adaptive,5,17,1,6,Senior,0.390064208,1,66.90535153,31,3.473994744,Good,20536.47323
92,536242,Low-level,Perfective,3,2,1,2,Senior,4.55566782,2,12.62834726,46,31.98795767,Good,22143.66894
98,342383,High-level,Corrective,5,0,1,9,Senior,8.909738847,1,94.57764972,71,59.6657892,Good,16969.86424
66,245761,Low-level,Adaptive,3,10,2,17,Mid-level,5.694972585,1,13.25740775,42,60.48017618,Average,14756.20254
32,833946,High-level,Perfective,9,15,1,5,Junior,8.323910417,3,77.46729372,81,48.0126229,Poor,29363.52128
87,875668,High-level,Corrective,9,17,3,12,Mid-level,9.91624343,1,26.48163218,35,81.56655408,Average,26866.72696
63,885011,High-level,Adaptive,6,15,2,1,Mid-level,1.636162041,2,93.35931437,25,6.272217141,Average,29822.9106
86,138541,High-level,Adaptive,1,9,2,10,Mid-level,6.917776391,2,71.99595394,9,81.54877656,Average,14442.08964
51,948609,High-level,Corrective,7,17,2,11,Mid-level,6.742935737,3,75.3813713,30,49.47542404,Average,29888.62619
25,829533,High-level,Corrective,7,5,2,16,Mid-level,9.799554474,2,21.90591731,96,13.37606951,Average,26846.38434
58,65323,Low-level,Corrective,10,18,3,14,Mid-level,9.85600734,1,44.30399766,28,88.57019135,Poor,9857.878809
63,617210,High-level,Corrective,10,3,1,8,Mid-level,6.866786117,2,61.78131946,4,64.92287795,Poor,19970.55643
62,190139,Low-level,Corrective,4,12,1,17,Junior,2.43614792,3,76.99736182,76,16.35456868,Average,16037.83591
22,181448,Scripting,Perfective,8,13,3,18,Senior,7.985558381,3,10.39593759,0,3.36497234,Average,11565.8458
58,701947,Low-level,Corrective,6,2,1,12,Junior,1.070291342,2,96.23653165,86,14.11096483,Average,24916.04214
58,955480,High-level,Adaptive,4,9,1,17,Junior,7.806993042,2,89.02206706,2,60.87979602,Average,28806.61168
86,236659,High-level,Corrective,4,5,2,14,Mid-level,9.101961241,3,27.03485905,66,17.92962353,Poor,17009.25418
49,390678,High-level,Preventive,2,0,1,16,Mid-level,3.828333948,1,82.2760243,70,22.57630749,Good,17872.01044
52,855016,High-level,Corrective,2,13,2,14,Mid-level,6.30635295,2,51.8323923,99,2.513972576,Good,30459.97753
42,105537,Scripting,Adaptive,4,7,1,9,Mid-level,4.301427321,2,46.18064816,34,72.29306722,Average,12268.8553
70,865909,High-level,Perfective,5,18,3,4,Mid-level,4.37765055,1,31.44341058,14,81.03643998,Average,28352.79771
15,242983,High-level,Perfective,8,13,3,11,Mid-level,3.103708891,2,58.09685866,66,79.68481768,Average,14413.66701
54,567821,Low-level,Corrective,6,9,2,6,Senior,7.621296205,1,72.98891177,92,12.75681514,Good,22895.92603
60,789260,Low-level,Perfective,4,16,2,15,Senior,9.361765642,2,41.0932905,29,90.33011274,Good,25698.54189
97,2917,Low-level,Adaptive,7,8,3,5,Mid-level,9.407508592,3,62.9219193,81,67.22788295,Average,12886.42163
8,283762,High-level,Adaptive,8,5,1,11,Mid-level,1.747812849,1,69.93129212,74,89.75286224,Average,13582.14912
53,557542,High-level,Corrective,2,10,3,18,Senior,8.747436497,3,71.1121817,42,44.71605045,Average,22513.98405
60,787275,Low-level,Corrective,7,6,3,13,Junior,7.374314414,1,5.196609813,59,43.69548611,Average,25496.95963
5,368436,High-level,Perfective,2,16,3,11,Mid-level,2.528374007,2,85.97478057,39,78.45365187,Average,18941.89478
68,510930,High-level,Adaptive,2,0,2,14,Mid-level,0.672846129,1,45.82533148,64,9.329785548,Average,20651.71341
6,572650,High-level,Adaptive,8,4,1,18,Senior,2.679972669,3,26.24160817,28,52.08740366,Average,17791.33127
96,283272,High-level,Perfective,2,8,2,19,Junior,9.122082368,3,24.17645075,73,83.63842356,Poor,18397.14625
94,386925,High-level,Perfective,9,17,3,15,Mid-level,6.331786749,2,48.30141128,91,83.01925631,Good,18097.99317
47,767641,High-level,Corrective,1,20,1,9,Senior,7.210546609,3,88.68315395,94,95.61328563,Good,29581.15757
99,715743,Low-level,Adaptive,9,1,3,8,Mid-level,2.571523511,2,37.83475817,18,69.82725935,Average,22302.91355
55,590833,Low-level,Corrective,1,10,1,20,Junior,7.193881556,3,74.97257468,2,20.77706294,Average,23103.1404
40,83180,Scripting,Perfective,10,5,1,1,Senior,0.281215063,3,9.681873099,35,2.028031489,Poor,10794.85056
52,613246,High-level,Adaptive,10,7,1,4,Mid-level,3.753213458,3,47.60567022,42,47.94157986,Poor,22018.8539
16,404081,High-level,Preventive,2,3,1,14,Mid-level,6.267533485,2,99.16861404,14,51.37038656,Poor,18050.51255
13,920723,High-level,Corrective,6,17,2,2,Mid-level,1.460965655,1,77.04378028,96,24.02625845,Average,31085.51288
30,302953,Low-level,Corrective,6,10,1,16,Mid-level,8.230035744,2,21.05284884,40,12.46974471,Good,15312.63037
19,379892,Low-level,Corrective,1,4,3,3,Mid-level,2.350312988,1,50.14414737,89,58.62081662,Average,20462.38387
17,6287,High-level,Corrective,7,14,2,8,Junior,6.522811128,2,23.36247636,79,76.4255674,Average,11525.57782
63,258665,Scripting,Corrective,8,17,1,6,Junior,4.051971426,2,40.95609273,35,99.31541036,Average,15595.1235
19,952891,High-level,Preventive,2,1,2,16,Senior,5.960435955,2,78.00840237,96,75.83026172,Poor,29875.60299
92,9512,Low-level,Corrective,8,10,3,16,Mid-level,1.074505526,1,77.12248153,83,79.36324143,Poor,9534.670546
58,657702,Low-level,Corrective,9,12,3,7,Junior,0.169127999,1,22.81003779,76,61.64608782,Good,22948.54211
55,457292,Scripting,Perfective,6,3,1,13,Mid-level,9.095644274,2,92.22233182,32,98.5922659,Good,17780.59343
90,109872,Low-level,Adaptive,5,6,3,13,Senior,2.696300088,3,59.25681828,4,63.99563851,Average,11273.39772
90,937720,Scripting,Perfective,9,10,3,5,Junior,8.196770028,2,37.9924291,100,86.02532864,Average,30953.78586
62,773042,High-level,Corrective,9,3,1,20,Mid-level,9.993503005,2,50.19355808,77,94.57846462,Good,22960.37344
23,94070,Scripting,Adaptive,1,14,1,18,Junior,2.11431258,3,60.50712534,90,92.98585005,Poor,14695.50838
9,605055,High-level,Corrective,3,0,2,15,Junior,2.651707412,2,55.98905318,86,38.14153438,Good,22654.80066
12,623117,Scripting,Corrective,9,2,1,18,Junior,6.628597876,1,48.64050355,13,7.866205831,Average,18834.74025
1,945118,Low-level,Preventive,2,13,3,2,Senior,9.654486346,2,50.49328041,67,17.18737025,Average,32833.40133
58,430474,Scripting,Corrective,4,5,2,10,Junior,9.158143482,1,17.64119104,82,5.92233054,Poor,21184.277
1,43078,High-level,Adaptive,4,17,3,13,Junior,5.028755201,3,81.27329043,46,10.53969348,Average,13475.40504
34,369432,Low-level,Adaptive,2,0,2,18,Mid-level,7.951102825,1,54.17603199,53,18.46512459,Good,17034.9792
96,608812,Low-level,Corrective,3,5,1,15,Senior,1.357458531,2,13.10798617,3,34.10943166,Poor,21071.43147
48,228645,Low-level,Perfective,3,5,1,12,Mid-level,9.774381842,1,76.61571016,93,54.35396466,Average,16394.87709
89,537507,High-level,Corrective,1,20,2,15,Mid-level,9.64353234,1,93.24439784,82,71.16820594,Poor,24859.03316
1,787667,High-level,Adaptive,6,15,3,13,Junior,1.637289579,3,94.73068992,94,21.09273361,Good,27939.79507
16,306073,High-level,Preventive,8,4,3,18,Mid-level,2.994231248,1,36.90177324,94,67.25224042,Average,13942.86959
61,128309,High-level,Adaptive,3,16,1,15,Mid-level,1.001549975,1,13.55168736,8,70.42590745,Good,11439.83436
64,330588,Scripting,Preventive,5,9,1,11,Mid-level,2.717175989,2,51.83996266,52,55.86223369,Average,16974.05508
63,664927,High-level,Corrective,1,20,1,19,Mid-level,8.159557894,1,11.26092293,76,90.36178698,Poor,25497.18253
69,889266,Scripting,Adaptive,10,17,2,3,Mid-level,3.783156072,1,93.39874185,77,11.09948139,Poor,29484.6345
22,465008,High-level,Corrective,7,6,1,7,Junior,0.883969671,3,18.35796274,59,17.71214576,Poor,20198.22532
93,721801,High-level,Perfective,10,2,2,14,Mid-level,3.422255248,3,25.276586,45,42.86648244,Poor,22730.96363
67,347699,Low-level,Preventive,1,12,2,14,Junior,9.813833342,3,40.66365269,53,12.67127352,Average,21056.96886
76,336842,Low-level,Corrective,9,14,3,13,Senior,6.296835953,3,38.31644686,73,56.62961437,Poor,17176.80969
26,387594,High-level,Adaptive,8,19,2,12,Senior,4.161609464,2,79.46628924,94,39.84004666,Average,18526.97193
16,773608,Low-level,Corrective,7,18,1,9,Senior,1.665385135,1,45.63168206,36,28.45957945,Average,24492.26113
51,661775,Low-level,Adaptive,10,2,2,1,Senior,9.861767973,3,17.076826,22,16.9989813,Average,22597.07111
86,692519,High-level,Adaptive,7,3,2,19,Mid-level,8.208490093,3,26.72098955,26,33.53382383,Good,22229.49572
57,44925,Scripting,Preventive,5,4,2,11,Senior,2.814773025,3,50.91133852,69,60.79593508,Average,11221.57464
29,138023,Scripting,Adaptive,5,0,3,19,Mid-level,0.700686957,2,14.74539174,89,57.57852109,Good,11243.47044
78,88388,Low-level,Corrective,5,3,3,18,Mid-level,0.566255574,1,61.16556756,65,16.36240002,Poor,11221.58939
92,533295,High-level,Corrective,1,11,1,12,Mid-level,1.203781495,3,56.57473066,60,12.49198107,Average,23964.23199
69,258802,Low-level,Corrective,8,9,1,1,Mid-level,5.807685836,3,71.47023164,76,2.667676261,Average,17927.48298
47,436048,High-level,Corrective,1,20,2,19,Senior,9.287634212,3,93.77046154,50,1.242559379,Average,21926.15014
94,59596,High-level,Corrective,4,19,3,20,Mid-level,4.96743428,1,91.22545611,49,87.98104357,Average,11729.98027
62,908533,High-level,Perfective,9,12,1,17,Mid-level,8.429454825,1,94.60756181,18,4.508885601,Average,26261.55444
69,949027,High-level,Adaptive,9,13,2,5,Senior,4.458866199,1,24.4715597,0,73.12211099,Average,26807.56331
76,352005,Scripting,Adaptive,5,4,2,3,Junior,7.085835458,3,13.15653066,39,87.19850962,Average,18977.4811
16,780554,Low-level,Corrective,4,3,1,2,Mid-level,7.318727373,1,30.22767005,31,9.805784856,Good,26181.03324
90,874172,Low-level,Perfective,3,13,2,3,Senior,1.739637059,1,89.50851728,21,43.63014238,Good,28843.64487
90,540812,High-level,Perfective,3,9,3,8,Mid-level,3.61216059,3,97.20534746,92,96.23029832,Average,24401.17981
48,523244,High-level,Corrective,5,16,1,16,Mid-level,6.373021565,1,85.93249511,65,83.41386605,Poor,20952.70597
85,413498,High-level,Perfective,10,9,2,6,Mid-level,0.706966082,3,11.00177211,39,48.97040319,Good,17330.96144
39,680290,Scripting,Adaptive,1,6,2,13,Mid-level,3.615401878,2,94.74279981,37,76.25711128,Good,24343.48307
100,918581,High-level,Corrective,5,15,3,16,Senior,5.347994663,3,42.33580274,47,83.33776244,Poor,29309.72086
33,500097,Scripting,Adaptive,6,0,3,16,Mid-level,9.96224493,2,0.931029076,54,34.80269632,Average,19034.79268
94,650789,Low-level,Adaptive,7,16,2,3,Mid-level,4.745335626,3,44.23937407,74,89.21529169,Good,25559.35752
23,808043,High-level,Corrective,9,20,3,13,Junior,8.160567571,3,4.606916968,80,47.04733197,Good,27459.47802
10,149056,Low-level,Preventive,3,8,2,14,Junior,4.320672851,1,54.38779212,54,52.78073636,Poor,13707.31888
69,15060,High-level,Perfective,2,5,2,8,Senior,7.963907226,1,33.85540274,50,99.97076378,Average,11057.1601
100,739345,Scripting,Adaptive,3,18,1,12,Mid-level,5.954148016,1,47.34349336,59,84.33029662,Good,26500.7293
34,478272,Scripting,Adaptive,9,12,1,8,Mid-level,8.865954415,2,61.31703607,7,36.17700058,Good,18261.85062
52,519545,High-level,Adaptive,7,2,1,9,Junior,4.109425524,3,86.88010958,85,1.034559647,Good,21870.8975
95,830735,High-level,Adaptive,9,6,2,1,Mid-level,6.043044198,2,66.19015765,67,62.61740738,Good,27498.78113
10,191279,Low-level,Adaptive,2,8,1,6,Senior,6.300186806,2,43.40488685,74,70.39134261,Poor,15968.70969
19,731406,Scripting,Corrective,5,4,3,19,Mid-level,4.173829418,1,81.94278537,71,65.08026901,Good,23069.41418
58,685647,High-level,Adaptive,4,9,1,11,Junior,1.443120437,3,90.55821376,8,96.78623512,Poor,24222.18076
96,40711,Low-level,Perfective,2,16,1,11,Mid-level,0.935594069,3,11.97599664,89,86.29710273,Good,13889.68836
1,144026,Low-level,Adaptive,9,11,2,13,Senior,0.166715506,1,53.19329776,1,44.88316932,Average,8649.326346
69,336484,Low-level,Corrective,9,15,3,11,Mid-level,8.735342642,2,28.45119597,79,6.285748747,Good,17847.61276
4,466317,High-level,Perfective,6,2,1,18,Senior,2.364749122,1,4.706119788,94,47.60587695,Poor,17050.28674
16,990024,Low-level,Corrective,6,8,2,15,Mid-level,2.115067493,2,66.85466951,69,68.924402,Average,29042.01608
24,219134,Scripting,Corrective,8,14,3,1,Senior,7.360354004,2,86.27707775,84,60.77098082,Poor,16582.39098
80,103974,High-level,Corrective,6,4,1,7,Mid-level,3.200161131,1,16.29026545,89,53.81370677,Average,12617.81037
2,150646,High-level,Corrective,1,12,2,13,Junior,5.060446924,2,81.24136576,58,46.8818958,Good,15376.35256
92,403400,Scripting,Perfective,4,13,3,12,Mid-level,1.625110653,2,85.33957335,18,29.3761873,Good,18883.44706
32,151168,High-level,Adaptive,7,19,1,18,Mid-level,9.597457215,2,91.43404427,27,27.73467617,Average,12757.92918
91,593016,Scripting,Corrective,2,14,2,19,Senior,8.515814,2,26.52850891,71,50.02314789,Poor,23879.31247
84,690376,High-level,Perfective,9,15,2,15,Senior,8.63789623,1,90.39530652,13,16.06031464,Good,21877.68301
24,536534,High-level,Perfective,8,12,2,8,Mid-level,4.067737486,3,32.06627547,23,34.06854236,Good,20172.0997
12,439774,Scripting,Perfective,8,16,1,19,Mid-level,7.623612137,3,55.23380135,43,32.39792747,Good,17705.03095
50,512937,High-level,Corrective,7,7,1,10,Junior,1.438761554,2,5.050747083,100,58.71328016,Good,20690.73709
35,412597,Low-level,Adaptive,4,20,2,7,Senior,0.086190026,1,4.388108837,55,6.668230036,Good,19390.81725
33,915228,High-level,Preventive,2,1,1,18,Mid-level,0.199729326,3,72.03732127,89,82.96686803,Average,28710.05086
33,954959,Low-level,Perfective,3,4,3,16,Mid-level,5.866017374,3,44.4479978,94,56.23783804,Good,30575.64335
61,93263,High-level,Corrective,6,5,2,20,Mid-level,4.553949052,1,25.62923754,50,67.08266808,Average,9587.974412
51,922522,High-level,Corrective,5,11,2,6,Junior,5.180153489,2,19.0413496,31,70.30939038,Good,29445.56819
43,536590,Scripting,Adaptive,8,17,3,9,Mid-level,0.074631404,1,66.99534909,49,29.14841368,Good,20337.75575
12,854938,High-level,Preventive,6,0,2,13,Mid-level,4.226866197,2,0.040154403,40,47.03715674,Poor,25421.27582
67,566445,Low-level,Adaptive,6,16,1,8,Junior,7.180681612,1,80.58911692,65,95.62459559,Average,22988.66779
65,580205,High-level,Adaptive,1,10,3,16,Senior,4.42693702,2,7.924960613,24,76.6705238,Poor,22019.71327
33,224810,Low-level,Corrective,4,9,1,13,Mid-level,7.322192063,2,19.14896149,60,96.95568752,Poor,14984.60714
40,97646,High-level,Adaptive,5,18,1,13,Junior,2.330189644,2,38.62363953,65,74.62543451,Average,13207.80282
74,346266,Scripting,Perfective,3,13,3,17,Mid-level,8.131420045,2,48.48587397,41,17.56001397,Good,18370.29123
43,811951,High-level,Corrective,9,9,2,20,Senior,5.884312405,2,35.49951158,64,6.453588384,Poor,24370.41291
44,491025,High-level,Perfective,1,14,2,5,Mid-level,2.107630994,2,32.0712165,35,57.76614367,Average,22528.95775
29,481703,High-level,Preventive,6,18,1,17,Mid-level,2.367204759,1,96.39160121,75,35.78132797,Good,19459.9252
13,975323,High-level,Corrective,6,3,2,9,Junior,6.280304646,1,64.15796812,8,27.54579101,Good,28159.8224
12,344054,Low-level,Adaptive,10,1,1,2,Junior,8.299395932,3,2.343295537,35,80.72109964,Average,15910.52507
95,907862,High-level,Corrective,5,8,3,18,Mid-level,4.15627782,1,43.01759084,91,36.69932671,Good,28495.96247
46,858756,Scripting,Perfective,5,9,1,9,Senior,2.583004291,3,87.50086997,37,31.70009697,Average,27688.92381
2,268552,High-level,Adaptive,10,10,3,6,Senior,8.670116069,3,30.14561864,32,84.99875932,Poor,14208.79211
35,60379,High-level,Adaptive,5,13,2,11,Junior,6.692682918,1,9.455634477,41,84.62873365,Poor,11702.83913
87,26053,Low-level,Perfective,6,6,3,6,Mid-level,4.480854873,2,75.83847716,60,35.63666378,Poor,12411.97124
81,403662,Low-level,Corrective,8,14,3,6,Senior,4.879001953,2,60.60138319,45,83.2498701,Average,18266.64841
90,657282,High-level,Preventive,2,18,2,13,Mid-level,2.042564679,3,57.03125078,85,85.07784903,Good,26459.27423
8,99723,High-level,Adaptive,6,14,2,11,Senior,6.268026301,3,5.357655961,88,42.3930535,Good,12954.12037
93,576644,High-level,Corrective,1,7,1,14,Junior,3.587425105,3,14.04990098,60,6.647313021,Average,24725.39889
26,273933,Low-level,Adaptive,4,10,1,2,Senior,9.956451767,1,62.25493962,17,0.158464447,Average,16768.99523
74,885152,Low-level,Perfective,10,8,3,8,Senior,4.801835153,2,20.78238415,69,52.32924629,Poor,27078.84297
90,854088,High-level,Corrective,3,14,3,3,Senior,4.858856062,2,50.40700797,81,34.40754934,Good,30900.60515
34,831460,Scripting,Perfective,9,0,2,3,Mid-level,5.658517874,2,54.4881686,79,99.71318942,Good,25835.36074
7,851916,Scripting,Preventive,3,0,1,1,Mid-level,9.167560031,1,28.35071903,14,77.24109996,Poor,27344.4186
68,33154,Low-level,Corrective,6,18,2,19,Senior,8.008180999,1,94.84251555,47,76.12754564,Poor,10181.83522
58,214942,Scripting,Preventive,1,2,2,18,Mid-level,4.511300698,3,84.24641068,71,95.52427683,Average,15520.95935
75,265480,High-level,Corrective,6,9,2,17,Mid-level,7.18699266,2,72.23735076,12,88.77243979,Average,13851.76162
29,366821,High-level,Corrective,4,7,3,20,Senior,5.862354988,2,7.799386641,42,31.81874795,Average,16083.46495
36,855211,High-level,Corrective,8,14,3,13,Senior,4.923670487,2,10.61300193,59,16.59872216,Average,26568.66484
89,282173,High-level,Perfective,9,9,1,3,Senior,1.923157728,3,49.27813459,56,74.58922651,Average,15676.27418
21,846633,Low-level,Adaptive,4,0,2,1,Mid-level,4.639362635,3,16.07133492,70,37.82738937,Poor,29408.67904
36,33265,Scripting,Corrective,10,17,2,4,Senior,2.45818587,1,97.82654635,16,47.31726516,Average,9137.078667
10,366060,High-level,Adaptive,10,1,2,13,Senior,9.148421499,1,15.8520234,49,63.03977313,Average,13509.90454
73,244322,High-level,Adaptive,6,18,1,17,Junior,3.354068135,1,48.74678355,31,90.78726769,Good,13862.70805
24,175944,High-level,Corrective,1,12,1,11,Mid-level,9.522640145,3,36.41210568,21,41.90877537,Good,15599.11679
64,571485,Scripting,Perfective,4,0,3,2,Mid-level,5.330552901,2,63.93864215,54,78.33168902,Good,22839.13161
99,913165,High-level,Perfective,7,1,2,16,Mid-level,6.315443787,2,12.90364089,56,26.83397913,Good,27081.02279
49,449396,Low-level,Adaptive,1,15,2,2,Senior,5.429404445,2,43.0316428,12,69.79717909,Average,21488.04687
99,155782,High-level,Preventive,8,14,3,19,Mid-level,1.29380617,2,27.47050328,46,0.157942108,Average,12370.79371
36,685846,High-level,Adaptive,10,12,3,19,Senior,3.75821219,3,88.77515247,86,87.15072135,Good,21775.10977
82,72907,Scripting,Preventive,6,15,1,16,Senior,0.991461123,2,4.058571213,61,3.037957995,Poor,11542.19939
96,916308,Scripting,Adaptive,5,16,2,19,Mid-level,6.229540442,1,91.3727494,53,71.27537548,Average,28578.22404
24,203967,High-level,Adaptive,10,20,2,9,Senior,4.468741952,1,83.29941386,28,4.625818926,Average,12836.45308
23,851867,Scripting,Corrective,9,6,3,1,Mid-level,7.779849716,2,29.75707164,21,26.62456994,Average,26802.86463
62,303775,Low-level,Perfective,2,16,3,10,Senior,2.20470481,3,78.92906547,64,49.72024036,Poor,19463.4134
96,392182,Scripting,Adaptive,5,6,2,19,Junior,1.645660584,2,3.121356034,28,41.99386853,Average,16863.87415
37,757892,High-level,Corrective,6,12,2,1,Senior,4.06332231,3,96.68655503,47,19.18361146,Good,27150.76889
12,283247,Low-level,Corrective,7,4,3,2,Mid-level,9.265853832,3,52.65949426,4,33.38149117,Average,16041.00794
55,65772,High-level,Adaptive,5,16,1,16,Mid-level,7.10421815,1,30.32810261,34,72.77063701,Good,10499.79596
13,127108,Low-level,Adaptive,9,2,1,12,Senior,4.189236248,1,36.25832126,73,66.92570926,Average,9428.118139
23,15382,High-level,Perfective,1,6,2,8,Mid-level,5.172721698,1,6.640535346,82,7.181458376,Good,12666.30026
89,85291,High-level,Perfective,7,16,1,18,Mid-level,0.842130112,3,98.9349514,100,74.73158256,Average,12727.39194
99,364339,High-level,Corrective,10,6,1,2,Mid-level,9.845758964,1,3.929194515,70,5.30458812,Average,17977.95599
30,660116,Low-level,Perfective,7,20,3,13,Senior,6.664073047,2,65.49071231,45,54.29263891,Poor,23578.25448
17,283753,High-level,Corrective,4,0,3,6,Mid-level,2.854040685,2,44.27359277,34,26.0062748,Poor,16191.76928
62,148550,Low-level,Perfective,9,16,2,6,Junior,5.858083942,3,94.89162182,44,58.76901276,Average,14613.57638
84,233050,Scripting,Perfective,5,16,1,9,Mid-level,1.094823661,1,24.59997403,12,26.13283959,Average,14722.15384
89,433882,High-level,Adaptive,4,10,1,16,Mid-level,9.658366688,2,53.20868239,9,98.49579696,Average,18239.56211
86,338827,Low-level,Perfective,7,2,1,11,Junior,1.747849879,2,48.23562086,65,30.97281837,Poor,17067.77491
13,493313,High-level,Corrective,4,14,1,7,Mid-level,6.480303181,2,70.28664441,69,24.19606357,Good,22178.7629
59,387858,Scripting,Adaptive,3,20,3,10,Mid-level,2.454544625,3,6.801023195,71,27.84652909,Good,21173.15429
19,655618,High-level,Perfective,9,10,1,10,Junior,7.175613826,1,19.378913,99,89.64728573,Poor,23045.34309
49,596603,Low-level,Adaptive,8,15,2,20,Mid-level,7.768213672,3,21.45648201,24,63.62188287,Average,20419.94495
100,865266,Scripting,Corrective,1,8,1,18,Senior,6.734197289,2,73.81507548,43,73.06840974,Good,27842.13101
12,389349,Scripting,Adaptive,7,0,3,20,Junior,6.144994603,2,18.91386963,59,91.80105101,Average,15373.0383
61,15153,Low-level,Perfective,9,15,3,9,Mid-level,8.92469094,2,57.34917639,46,91.18724848,Average,10380.40249
19,601613,High-level,Corrective,8,8,3,15,Mid-level,0.78626711,2,21.52438205,39,73.89458466,Average,19494.56277
76,241773,Low-level,Corrective,8,18,3,4,Mid-level,3.309147658,1,86.16249501,6,19.78244288,Poor,15559.36281
9,931503,Scripting,Perfective,6,11,2,8,Senior,2.482874796,2,94.21854545,45,84.33733207,Average,28071.06689
71,56318,Low-level,Perfective,4,18,1,9,Mid-level,9.880139621,2,51.84929749,22,20.37760342,Poor,13729.84442
28,395030,High-level,Corrective,8,8,2,13,Mid-level,3.893897797,2,35.23088842,82,74.28988141,Average,17053.24541
78,378177,Scripting,Corrective,3,6,2,9,Junior,7.326126992,2,23.4057775,45,68.56030665,Poor,19782.57852
95,77077,Low-level,Corrective,9,13,2,4,Mid-level,6.847251639,3,4.978100152,85,75.88888501,Good,13267.26681
52,877906,Low-level,Corrective,2,18,1,17,Mid-level,2.120812375,2,26.85000762,12,53.26856807,Average,27841.76559
83,134515,High-level,Adaptive,2,18,1,16,Junior,2.389976802,1,65.42357799,20,63.87261822,Poor,13997.68939
16,994497,Low-level,Perfective,7,1,2,15,Mid-level,2.812845636,2,53.36169313,0,95.33200804,Average,26044.71295
69,207988,High-level,Adaptive,10,8,2,3,Senior,4.111272783,3,94.40412783,18,10.10885942,Poor,14031.81932
99,860751,Low-level,Adaptive,4,12,3,20,Mid-level,2.343250657,3,39.62772625,59,30.88472748,Average,28403.63642
12,126885,High-level,Corrective,10,14,1,5,Mid-level,0.196514827,2,69.38633423,32,61.13570131,Average,11062.92614
25,897209,Low-level,Perfective,8,2,2,5,Senior,8.793930568,3,48.93227475,3,96.40541301,Poor,26279.1803
52,542656,Scripting,Adaptive,9,10,1,20,Senior,9.656098314,1,51.25762159,2,9.557444766,Poor,17399.44349
85,671688,High-level,Preventive,7,20,1,15,Mid-level,3.41570387,2,26.77743146,90,2.254922153,Average,25136.66832
100,189014,Scripting,Adaptive,5,13,2,18,Senior,3.385068794,3,45.49507768,51,5.574959847,Poor,14765.51267
53,92751,High-level,Corrective,8,7,1,15,Senior,0.070918128,3,47.0784997,98,5.240568646,Good,11225.09862
23,231203,Scripting,Adaptive,4,17,1,2,Mid-level,6.802506883,2,70.66425217,27,90.78158578,Average,16654.81609
16,814738,Low-level,Corrective,2,18,2,13,Mid-level,8.254398957,3,94.06399992,69,72.12579079,Average,29654.26199
57,696275,Low-level,Adaptive,6,15,1,4,Mid-level,1.466083004,1,32.93212775,69,67.71063662,Average,25054.66257
39,824651,Low-level,Corrective,9,1,1,10,Senior,1.596663494,3,4.220046858,54,52.25728203,Average,24091.21376
53,212951,Scripting,Corrective,1,7,1,13,Mid-level,7.9008325,2,49.62951255,56,78.1952617,Good,15745.2982
42,506155,High-level,Perfective,10,5,1,10,Junior,6.162907484,1,54.44613321,86,15.56479928,Poor,19875.97342
58,196716,High-level,Corrective,7,11,1,9,Senior,0.448605576,1,16.84405511,96,39.19411898,Poor,14051.45964
39,585567,Low-level,Perfective,10,14,2,8,Mid-level,6.225469905,2,76.04646063,15,49.00042508,Poor,20789.11504
14,316172,Scripting,Corrective,9,7,1,3,Junior,3.089177228,1,98.49291084,23,11.04094977,Poor,15829.41278
95,891695,Low-level,Adaptive,10,3,1,16,Mid-level,3.687251555,2,94.5774717,68,41.95137093,Poor,26255.9988
5,1126,Low-level,Adaptive,9,14,2,14,Mid-level,7.697314183,1,19.71060388,40,31.65017793,Average,8174.302658
35,839761,High-level,Adaptive,10,19,2,9,Senior,8.109351927,1,87.53632399,76,3.558214579,Average,27158.25467
87,28632,Scripting,Corrective,3,16,3,11,Mid-level,4.003566268,2,70.44936364,46,13.67354027,Good,13208.50804
93,501315,High-level,Corrective,5,12,3,3,Senior,9.47152936,2,45.38465638,75,76.40368232,Poor,23241.33939
75,721670,Low-level,Corrective,8,17,3,5,Mid-level,4.06462718,2,54.06109943,68,1.80379095,Average,26792.13031
18,110945,High-level,Corrective,8,1,2,10,Junior,7.718360352,3,84.9600175,100,93.42532991,Good,12661.28282
76,318320,High-level,Adaptive,4,12,2,13,Senior,4.838772646,3,48.01349396,30,8.642463245,Good,17263.9201
9,251869,High-level,Preventive,1,12,2,4,Mid-level,8.975323265,3,37.32073691,91,79.92380942,Average,19737.27792
74,742426,High-level,Perfective,1,14,1,13,Mid-level,9.077612437,2,49.3247493,91,89.86165409,Average,28369.28845
58,499716,Low-level,Perfective,4,19,1,12,Mid-level,0.874168079,3,57.9129804,29,94.11355849,Good,20685.16613
17,176399,High-level,Perfective,6,9,1,5,Senior,9.364933313,1,18.90776538,17,86.74770235,Average,12236.53513
7,463120,High-level,Adaptive,8,2,3,10,Mid-level,8.255348415,1,90.09077303,43,28.75500394,Poor,18145.83867
46,135869,High-level,Corrective,6,18,2,9,Junior,7.913107143,2,67.41869488,26,33.30871313,Good,14272.69706
13,179954,High-level,Preventive,9,2,3,20,Junior,2.009113397,3,63.32689173,98,42.65456986,Average,12370.0801
40,670078,High-level,Adaptive,9,13,2,7,Mid-level,8.051192088,1,9.949622618,25,13.92966894,Poor,22892.13063
42,35560,High-level,Adaptive,2,7,2,2,Senior,8.501327347,1,60.41739382,59,2.227245507,Average,13686.14725
9,864021,Low-level,Corrective,10,3,1,7,Mid-level,2.891503345,1,12.09606622,17,86.91216143,Average,23225.92905
50,285260,Low-level,Adaptive,1,19,1,8,Mid-level,9.522600784,3,7.86976752,96,55.41287162,Good,20792.6802
27,954748,Low-level,Adaptive,2,10,3,7,Junior,0.498601464,2,52.73108956,88,60.87229422,Poor,32669.75265
66,133717,High-level,Perfective,5,10,2,14,Mid-level,1.499092532,1,40.2785534,55,92.69884748,Good,11633.65355
5,179595,High-level,Adaptive,4,10,2,19,Senior,5.375811381,2,58.88102702,30,66.51201781,Average,11958.7661
29,649373,Scripting,Corrective,4,1,3,5,Mid-level,5.757924711,2,8.922216806,100,69.08535043,Average,24957.01005
37,380862,Low-level,Preventive,9,16,1,18,Senior,6.451500833,2,43.09830628,58,78.69686484,Poor,15760.91297
38,806688,High-level,Corrective,8,8,3,20,Mid-level,0.169691293,1,17.4786715,1,11.63484499,Good,21876.77404
83,495592,High-level,Adaptive,6,1,2,12,Junior,9.603667746,3,98.71000859,96,36.01621532,Good,22235.59466
8,101158,High-level,Corrective,1,14,2,17,Senior,0.445880927,2,56.11502124,38,96.82079277,Average,11710.11527
65,709533,High-level,Perfective,2,15,2,13,Mid-level,1.430619527,2,68.74368609,60,92.29300781,Poor,26254.51031
86,169502,High-level,Preventive,6,3,1,2,Senior,0.140145175,1,32.54182807,62,88.40752963,Average,12892.68836
17,433498,Low-level,Corrective,2,7,1,13,Senior,5.668584333,2,9.473891478,95,45.20885103,Good,19777.09938
71,907151,Low-level,Perfective,10,8,2,7,Junior,9.322668839,2,97.58708628,17,85.71929536,Poor,27691.02936
89,981878,Low-level,Corrective,5,4,3,10,Junior,6.659471661,2,28.62590354,16,4.839588195,Average,30588.2408
45,331388,Low-level,Preventive,5,15,3,6,Senior,8.226574685,1,42.38081852,97,14.85174243,Average,19488.80414
4,668054,Scripting,Perfective,6,12,1,3,Mid-level,0.132812035,3,64.98639217,38,41.39676985,Average,24325.32547
36,319408,Low-level,Perfective,6,6,2,3,Junior,5.420152985,1,2.469729769,70,48.33920667,Average,17669.13188
70,469276,Scripting,Corrective,6,19,1,18,Junior,4.595629775,2,81.02591305,53,26.35071535,Poor,20761.70539
31,58545,High-level,Preventive,2,16,1,11,Junior,4.989679442,3,53.657819,98,35.64766708,Good,15441.68037
19,512411,High-level,Perfective,10,2,2,20,Senior,0.722131853,2,27.82171871,93,16.2776101,Average,16861.76568
61,826656,High-level,Corrective,3,4,2,5,Junior,6.844353611,3,6.160798529,75,48.91340317,Average,30044.22532
54,885377,Low-level,Perfective,6,18,1,19,Mid-level,5.032204149,2,16.24984155,34,79.38432929,Average,26638.16633
39,14224,Scripting,Corrective,8,11,1,19,Mid-level,7.651488499,2,89.50338589,10,66.13603937,Poor,7975.785386
91,41738,High-level,Perfective,1,6,3,15,Mid-level,4.852906341,3,68.60242239,60,10.77922474,Good,13665.2705
74,943654,Scripting,Corrective,1,8,1,16,Junior,1.493816362,1,24.99017216,43,48.75816034,Average,29674.83089
90,851163,High-level,Perfective,2,5,2,9,Senior,6.482569541,2,6.560076495,67,69.76463828,Average,28781.67095
19,181760,Scripting,Adaptive,6,16,2,4,Junior,1.723863621,3,69.06153124,24,52.98952966,Average,15362.99872
39,764978,High-level,Corrective,9,15,1,15,Senior,8.723945634,2,57.2407726,47,39.16755965,Average,23981.48283
67,467725,High-level,Corrective,4,2,1,12,Senior,6.131162391,2,40.45195245,31,62.19144213,Poor,18742.96158
45,664937,High-level,Corrective,3,20,2,3,Mid-level,1.572038836,2,36.36114492,83,96.86386653,Poor,27144.11094
13,533358,High-level,Adaptive,8,3,3,14,Mid-level,9.623380575,3,21.68142759,94,9.490790977,Poor,21372.99729
92,127161,High-level,Corrective,10,9,2,17,Mid-level,5.183654633,3,66.96112565,3,39.00160607,Good,9951.375031
58,533954,High-level,Adaptive,9,4,2,19,Mid-level,0.728984519,2,97.06680278,37,40.6605853,Poor,17885.70661
